"","Rank","ID","Symbol","mean expression","SD","max delta e","min delta e","correlation","->t.score","->p.value","Metagene","Chromosome","Description"
"Vitvi09g02008",1,"Vitvi09g02008","Vitvi09g02008",0.81495154816525,1.11923241495275,4.52840503879078,-0.81495154816525,0.467010535724597,3.98738506247054,"9.62154789536651e-05      .","31 x 1","9 ","An intracellular non-membrane-bounded organelle comprising a matrix of coalesced lipids surrounded by a phospholipid monolayer. May include associated proteins."
"Vitvi04g01863",2,"Vitvi04g01863","",1.07844091807628,1.69840513856804,4.464644889375,-1.07844091807628,0.585671008050911,5.45521597659103,"5.50418383760132e-07      .","33 x 1"," ",""
"Vitvi11g01446",3,"Vitvi11g01446","Vitvi11g01446",1.22818690241004,1.60955388044933,4.15346993346013,-1.22818690241004,0.696411816508532,7.32648193452702,"4.54420945317224e-10      .","33 x 1","11 ","Any molecular entity that serves as an electron acceptor and electron donor in an electron transport chain. An electron transport chain is a process in which a series of electron carriers operate together to transfer electrons from donors to any of several different terminal electron acceptors to generate a transmembrane electrochemical gradient."
"Vitvi11g01457",4,"Vitvi11g01457","Vitvi11g01457",2.45090141038921,1.44019572417773,4.0928255515598,-2.45090141038921,0.57759681969046,5.34195986035779,"8.35397714449293e-07      .","31 x 1","11 ","Binding to a protein."
"Vitvi10g01863",5,"Vitvi10g01863","",0.888810081398928,1.35060133696077,3.94347052339393,-0.888810081398928,0.64903104781254,6.44101239203648,"1.35014850410897e-08      .","33 x 1"," ",""
"Vitvi10g01433",6,"Vitvi10g01433","",2.28164532663774,1.61299950739326,3.75929830155491,-2.10392439320343,0.655469308574771,6.55262424582998,"8.82006734315155e-09      .","33 x 1"," ",""
"Vitvi17g00339",7,"Vitvi17g00339","Vitvi17g00339",1.55605835384293,1.35250189734143,3.72297969927693,-1.55605835384293,0.586708973117212,5.46995219985633,"5.21246490192695e-07      .","34 x 1","17 ","Binding to a heme, a compound composed of iron complexed in a porphyrin (tetrapyrrole) ring."
"Vitvi08g01434",8,"Vitvi08g01434","Vitvi08g01434",0.973385190756864,0.939938378043733,3.40246106668455,-0.973385190756864,0.638207460265628,6.25871320255822,"2.70134195012872e-08      .","33 x 1","8 ","The chemical reactions and pathways involving carbohydrates, any of a group of organic compounds based of the general formula Cx(H2O)y."
"Vitvi10g00378",9,"Vitvi10g00378","",1.41116734181212,1.57259470496417,3.33516241875407,-1.41116734181212,0.484146729017697,4.17746592288815,"5.11355707145666e-05      .","34 x 1"," ",""
"Vitvi19g01989",10,"Vitvi19g01989","",1.60989635802614,1.95738236738336,3.17449545356579,-1.60989635802614,0.866062774401227,13.0789544047772,"0      .","33 x 1"," ",""
"Vitvi19g01990",11,"Vitvi19g01990","",1.65408171877706,2.0021119519029,3.03629964781595,-1.65408171877706,0.858739283062429,12.6525719662933,"0      .","33 x 1"," ",""
"Vitvi01g00319",12,"Vitvi01g00319","Vitvi01g00319",1.81224561482153,1.42449378265718,2.90879839679636,-1.81224561482153,0.780150989178582,9.41511032516538,"1.63202784619898e-13      .","33 x 1","1 ","Catalysis of an oxidation-reduction (redox) reaction, a reversible chemical reaction in which the oxidation state of an atom or atoms within a molecule is altered. One substrate acts as a hydrogen or electron donor and becomes oxidized, while the other acts as hydrogen or electron acceptor and becomes reduced."
"Vitvi19g01988",13,"Vitvi19g01988","",1.65935809520782,1.96666121613649,2.87923682625097,-1.65935809520782,0.872966453797825,13.5117242198863,"0      .","33 x 1"," ",""
"Vitvi12g02324",14,"Vitvi12g02324","Vitvi12g02324",1.95908770605855,1.30172069798475,2.80542524191203,-1.69667323603659,0.658136133215388,6.59958263481183,"7.37187022537e-09      .","33 x 1","12 ","Binding to a protein."
"Vitvi18g02715",15,"Vitvi18g02715","Vitvi18g02715",2.85730624369533,1.70244083397902,2.78836852160428,-2.85730624369533,0.48481156583093,4.18496351929539,"4.9862871062345e-05      .","31 x 1","18 ","Binding to a heme, a compound composed of iron complexed in a porphyrin (tetrapyrrole) ring."
"Vitvi12g00462",16,"Vitvi12g00462","Vitvi12g00462",2.52823502395359,1.0716836052034,2.75250723156215,-2.20124905167009,0.2492350681717,1.94299867261158,"0.0284805216858135      .","35 x 1","12 ",""
"Vitvi19g01058",17,"Vitvi19g01058","Vitvi19g01058",1.90410676905097,0.924775457172235,2.7446567593693,-1.63412225192677,0.479412062551511,4.12434281724627,"6.10981025626067e-05      .","31 x 1","19 ","Binding to a heme, a compound composed of iron complexed in a porphyrin (tetrapyrrole) ring."
"Vitvi04g01940",18,"Vitvi04g01940","Vitvi04g01940",1.47823273861344,1.00966406295837,2.74180339328913,-1.45311339482854,0.446447714307926,3.76684142401782,"0.000196851767308104      .","30 x 1","4 ","Catalysis of the hydrolysis of internal, alpha-peptide bonds in a polypeptide chain by a mechanism in which a water molecule bound by the side chains of aspartic residues at the active center acts as a nucleophile."
"Vitvi19g00427",19,"Vitvi19g00427","",1.01210228870017,1.29950487139824,2.67581802704986,-1.01210228870017,0.792428177045502,9.80826647957815,"3.79696274421804e-14      .","32 x 1"," ",""
"Vitvi15g00874",20,"Vitvi15g00874","Vitvi15g00874",1.3200778561298,1.09374327492518,2.66174855235334,-1.3200778561298,0.615463979836184,5.89553084092313,"1.06583440295793e-07      .","32 x 1","15 ","Catalysis of the transfer of a methyl group to the oxygen atom of an acceptor molecule."
"Vitvi06g01329",21,"Vitvi06g01329","Vitvi06g01329",1.53707455705864,0.970661939941224,2.59359655892069,-1.4317810213411,0.339895862002899,2.72861055432282,"0.00422113925941225      .","30 x 1","6 ","The chemical reactions and pathways involving carbohydrates, any of a group of organic compounds based of the general formula Cx(H2O)y."
"Vitvi12g00596",22,"Vitvi12g00596","",1.03886611101558,1.2489482059256,2.53507411036644,-1.03886611101558,0.600361116599612,5.66770347509517,"2.50132916157497e-07      .","33 x 1"," ",""
"Vitvi10g01876",23,"Vitvi10g01876","",0.978917095095916,1.15859447164213,2.5166085013838,-0.978917095095916,0.502459390462204,4.38755685148718,"2.50510885522193e-05      .","35 x 1"," ",""
"Vitvi12g02588",24,"Vitvi12g02588","",0.694636785162462,0.937146524936497,2.50234264881219,-0.694636785162462,0.798514224188145,10.014769319404,"1.77635683940025e-14      .","32 x 1"," ",""
"Vitvi18g02222",25,"Vitvi18g02222","Vitvi18g02222",1.76966133613187,1.53208971561114,2.50063315322023,-1.76966133613187,0.732225965493734,8.11700942091261,"2.19733120587762e-11      .","32 x 1","18 ","Binding to ADP, adenosine 5'-diphosphate."
"Vitvi12g02329",26,"Vitvi12g02329","",0.536290071101333,0.965621454081681,2.49889271829754,-0.536290071101333,0.754011930410585,8.6664722696767,"2.71804800888731e-12      .","33 x 1"," ",""
"Vitvi12g00598",27,"Vitvi12g00598","",3.04239387233967,1.36929223959052,2.46246573634793,-3.00323301623577,0.445143172595446,3.75310953639899,"0.000205688513660984      .","34 x 1"," ",""
"Vitvi16g01949",28,"Vitvi16g01949","",2.4913136482407,1.61478185454404,2.45468138148501,-2.4913136482407,0.897950062391159,15.4042603588263,"0      .","32 x 1"," ",""
"Vitvi06g01097",29,"Vitvi06g01097","Vitvi06g01097",1.15343878731761,1.02411896681809,2.45072582643218,-1.15343878731761,0.492745431844204,4.27517774531495,"3.67622617245544e-05      .","32 x 1","6 ","Catalysis of the transfer of a glycosyl group from a UDP-sugar to a small hydrophobic molecule."
"Vitvi07g01586",30,"Vitvi07g01586","",3.05951335116523,1.71261482921448,2.44534625752238,-3.04685903815022,0.730625433894858,8.07890273054377,"2.54161136581388e-11      .","33 x 1"," ",""
"Vitvi10g01671",31,"Vitvi10g01671","",1.42688880958741,1.49149154576673,2.40062200620026,-1.42464086177778,0.48971220780499,4.24052453803856,"4.13423661138612e-05      .","34 x 1"," ",""
"Vitvi01g00350",32,"Vitvi01g00350","",1.69977796547441,1.40486775130416,2.36738335232995,-1.69977796547441,0.810414165757916,10.443655560358,"3.77475828372553e-15      .","33 x 1"," ",""
"Vitvi13g02129",33,"Vitvi13g02129","",3.41334001614491,1.58877930660316,2.35799474757471,-3.2328353566175,0.700646093986292,7.41372880514776,"3.25089066777196e-10      .","33 x 1"," ",""
"Vitvi14g02502",34,"Vitvi14g02502","Vitvi14g02502",0.581540144977781,0.648586531696059,2.35440132371846,-0.581540144977781,0.512623529583306,4.50752619522057,"1.65595089783865e-05      .","31 x 2","14 ","Binding to a protein."
"Vitvi12g01699",35,"Vitvi12g01699","",1.00670048240404,0.929597688498128,2.31709456967063,-1.00670048240404,0.665947191779157,6.73967633947886,"4.31418323287858e-09      .","32 x 1"," ",""
"Vitvi04g02319",36,"Vitvi04g02319","",1.05633683898889,0.922147340716713,2.28757950499482,-1.05167971295998,0.784113338094636,9.53876487173731,"1.03028696685215e-13      .","32 x 1"," ",""
"Vitvi00g01422",37,"Vitvi00g01422","",1.0567792581774,0.92207606259127,2.28725026613112,-1.05212213214849,0.784048433644261,9.53671534558375,"1.03916875104915e-13      .","32 x 1"," ",""
"Vitvi16g01158",38,"Vitvi16g01158","",3.61797374652408,1.9400954047442,2.27140214394402,-3.61797374652408,0.78905827633982,9.69734883412133,"5.72875080706581e-14      .","32 x 1"," ",""
"Vitvi15g00110",39,"Vitvi15g00110","Vitvi15g00110",1.0583523691639,0.690729472383318,2.24425720357293,-1.0583523691639,0.332500926535044,2.6617740958072,"0.00504098912926843      .","30 x 3","15 ","A lipid bilayer along with all the proteins and protein complexes embedded in it an attached to it."
"Vitvi12g02454",40,"Vitvi12g02454","Vitvi12g02454",1.72432387476334,1.22206777522336,2.21998497849967,-1.72432387476334,0.583097073420992,5.41884894189006,"6.29486981096328e-07      .","34 x 1","12 ","Catalysis of the transfer of an acyl group, other than amino-acyl, from one compound (donor) to another (acceptor)."
"Vitvi12g02328",41,"Vitvi12g02328","",0.628474016298102,0.832862102972916,2.21728373345674,-0.628474016298102,0.597123849179659,5.62013526349979,"2.98620795424753e-07      .","32 x 1"," ",""
"Vitvi02g01427",42,"Vitvi02g01427","Vitvi02g01427",2.05586959797151,0.987402949099352,2.20593779137385,-1.91170608220832,0.579236109493685,5.36475992454962,"7.6824001471465e-07      .","31 x 1","2 ","The component of a membrane consisting of the gene products and protein complexes having at least some part of their peptide sequence embedded in the hydrophobic region of the membrane."
"Vitvi16g02028",43,"Vitvi16g02028","",1.58542580893275,1.22772276418939,2.19358743259572,-1.58542580893275,0.750425471793587,8.57182020624481,"3.8906655674964e-12      .","33 x 1"," ",""
"Vitvi15g00523",44,"Vitvi15g00523","Vitvi15g00523",0.700270758078605,0.599270866799727,2.18131822624561,-0.700270758078605,0.608250264951171,5.78546889648338,"1.61082587379902e-07      .","31 x 1","15 ","Binding to a heme, a compound composed of iron complexed in a porphyrin (tetrapyrrole) ring."
"Vitvi00g01736",45,"Vitvi00g01736","",0.925319747871556,0.782399333067309,2.16445828553626,-0.925319747871556,0.447695929503316,3.78000848710369,"0.000188721155221061      .","30 x 1"," ",""
"Vitvi16g02123",46,"Vitvi16g02123","",0.925140100498773,0.782367731328904,2.16434098240308,-0.925140100498773,0.447659982759225,3.77962890958667,"0.000188950966675927      .","30 x 1"," ",""
"Vitvi16g02142",47,"Vitvi16g02142","",0.993618863908837,0.737337800937534,2.14687676990237,-0.96849952012393,0.649794862938102,6.45412647839945,"1.2843200614121e-08      .","33 x 1"," ",""
"Vitvi00g01664",48,"Vitvi00g01664","",0.993918419483323,0.737260314498736,2.14657721432789,-0.968799075698416,0.649968441718033,6.45711139758684,"1.26978884074092e-08      .","33 x 1"," ",""
"Vitvi02g01702",49,"Vitvi02g01702","",1.36203473967444,1.38942849417184,2.1329058229561,-1.36203473967444,0.910404954797292,16.6137368066997,"0      .","32 x 1"," ",""
"Vitvi00g00208",50,"Vitvi00g00208","",1.362244240782,1.38943903988658,2.13269632184854,-1.362244240782,0.910401852642415,16.6134060748557,"0      .","32 x 1"," ",""
"Vitvi00g01478",51,"Vitvi00g01478","",1.71355273030517,0.883154520453022,2.13246517781072,-1.413864280674,0.60382660972233,5.71910825555589,"2.06467225316587e-07      .","33 x 1"," ",""
"Vitvi07g02830",52,"Vitvi07g02830","",1.71303603704673,0.883266817120565,2.13223878175791,-1.41334758741557,0.604095654268524,5.72312028552879,"2.03395440934173e-07      .","33 x 1"," ",""
"Vitvi07g01395",53,"Vitvi07g01395","",3.47950600744538,1.09359915387117,2.12970739641737,-2.11666605377537,0.703209225356932,7.46728605278308,"2.64681609962736e-10      .","33 x 1"," ",""
"Vitvi19g00173",54,"Vitvi19g00173","",0.855391022803863,0.809565650507779,2.11500827375219,-0.855391022803863,0.59767369880847,5.62818439088557,"2.89807626008276e-07      .","34 x 1"," ",""
"Vitvi10g01431",55,"Vitvi10g01431","",1.2864223605019,0.859011101304139,2.10634116203687,-1.21073671760059,0.734322711356496,8.16736975222644,"1.81301640367337e-11      .","33 x 1"," ",""
"Vitvi08g01235",56,"Vitvi08g01235","Vitvi08g01235",1.40752838101,1.10978737797178,2.09737415187046,-1.40752838101,0.656108903213164,6.56384696201037,"8.45007708250023e-09      .","32 x 1","8 ","Catalysis of an oxidation-reduction (redox) reaction, a reversible chemical reaction in which the oxidation state of an atom or atoms within a molecule is altered. One substrate acts as a hydrogen or electron donor and becomes oxidized, while the other acts as hydrogen or electron acceptor and becomes reduced."
"Vitvi18g02720",57,"Vitvi18g02720","Vitvi18g02720",0.616500143630393,0.761763480462004,2.08324964390685,-0.616500143630393,0.785696664534728,9.58901566966698,"8.54871728961371e-14      .","33 x 1","18 ","The component of a membrane consisting of the gene products and protein complexes having at least some part of their peptide sequence embedded in the hydrophobic region of the membrane."
"Vitvi16g00811",58,"Vitvi16g00811","Vitvi16g00811",3.73319429841968,0.9638784433661,2.03955117876212,-2.33444855538313,0.519536943550595,4.59058709443049,"1.24009340756182e-05      .","34 x 2","16 ","Binding to ATP, adenosine 5'-triphosphate, a universally important coenzyme and enzyme regulator."
"Vitvi11g00145",59,"Vitvi11g00145","",0.949436227641985,1.05595426079599,2.03954856880088,-0.949436227641985,0.808443601502619,10.370181075026,"4.88498130835069e-15      .","32 x 1"," ",""
"Vitvi13g02508",60,"Vitvi13g02508","Vitvi13g02508",0.524776244095914,0.767986760561937,2.03326647230905,-0.524776244095914,0.708608715112234,7.58200958915381,"1.7042500743969e-10      .","32 x 1","13 ","The component of a membrane consisting of the gene products and protein complexes having at least some part of their peptide sequence embedded in the hydrophobic region of the membrane."
"Vitvi11g00098",61,"Vitvi11g00098","Vitvi11g00098",0.859393849735497,0.834764737636163,2.03083288515486,-0.859393849735497,0.629696580359404,6.11979006451748,"4.57398238173923e-08      .","32 x 1","11 ","A membrane-bounded organelle of eukaryotic cells in which chromosomes are housed and replicated. In most cells, the nucleus contains all of the cell's chromosomes except the organellar chromosomes, and is the site of RNA synthesis and processing. In some species, or in specialized cell types, RNA metabolism or DNA replication may be absent."
"Vitvi04g01097",62,"Vitvi04g01097","Vitvi04g01097",1.93724405498903,1.12637845517777,2.02017747535571,-1.90773889956819,0.755339705808209,8.70196650816901,"2.37632136190769e-12      .","32 x 1","4 ","Binding to a protein."
"Vitvi07g02832",63,"Vitvi07g02832","Vitvi07g02832",1.44004486819029,0.859609051930149,2.00479425680397,-1.18008768737497,0.665808771011183,6.73715972746917,"4.35593960901315e-09      .","34 x 1","7 ","Binding to a protein."
"Vitvi00g00040",64,"Vitvi00g00040","",1.4406379168776,0.859259114611114,2.00420120811666,-1.17822344685564,0.665950192332333,6.73973090603662,"4.31328217587179e-09      .","34 x 1"," ",""
"Vitvi07g02631",65,"Vitvi07g02631","",2.70888300385389,1.37327320736499,1.99018490598638,-2.60358946813635,0.79706512922558,9.96485512978957,"2.1316282072803e-14      .","33 x 1"," ",""
"Vitvi15g01669",66,"Vitvi15g01669","Vitvi15g01669",1.93791075677103,1.0841163076502,1.98906756919916,-1.92525644375602,0.453588027577766,3.84253859909465,"0.000154310986319128      .","31 x 1","15 ","Binding to ADP, adenosine 5'-diphosphate."
"Vitvi19g01940",67,"Vitvi19g01940","",1.33614830564516,1.15504950633968,1.98469057443072,-1.33614830564516,0.585083210855388,5.44688902091535,"5.67609153900861e-07      .","34 x 1"," ",""
"Vitvi07g02462",68,"Vitvi07g02462","",1.17987569175897,0.842208097918759,1.98363036197337,-1.17987569175897,0.724802902765657,7.94265484435002,"4.27908819489176e-11      .","32 x 1"," ",""
"Vitvi03g01392",69,"Vitvi03g01392","",2.35318480236688,1.25211714421005,1.95555283204354,-2.27749915946557,0.591978029069674,5.54539781189655,"3.9419511166372e-07      .","31 x 1"," ",""
"Vitvi07g02606",70,"Vitvi07g02606","",2.90489453293799,1.4771675301456,1.93436929843834,-2.82920889003668,0.646559604681233,6.39880941240666,"1.58564787966498e-08      .","34 x 1"," ",""
"Vitvi07g01823",71,"Vitvi07g01823","Vitvi07g01823",0.713526077595377,0.547465025608906,1.93262649136163,-0.713526077595377,0.451506131641178,3.82037288992352,"0.000165755247805932      .","33 x 4","7 ","A membrane-bounded organelle of eukaryotic cells in which chromosomes are housed and replicated. In most cells, the nucleus contains all of the cell's chromosomes except the organellar chromosomes, and is the site of RNA synthesis and processing. In some species, or in specialized cell types, RNA metabolism or DNA replication may be absent."
"Vitvi07g02828",72,"Vitvi07g02828","",1.30710125497543,1.03176519814802,1.92688806908933,-1.3048533071658,0.913942525894829,17.00190440322,"0      .","33 x 1"," ",""
"Vitvi00g01480",73,"Vitvi00g01480","",1.30751084184506,1.03146818161296,1.9264784822197,-1.30526289403543,0.914054232203594,17.0145326463232,"0      .","33 x 1"," ",""
"Vitvi05g02197",74,"Vitvi05g02197","Vitvi05g02197",0.55246199547742,0.660574498469311,1.91009162518406,-0.539807682462411,0.617871329863869,5.93278582748397,"9.2646376570471e-08      .","32 x 1","5 ","A lipid bilayer along with all the proteins and protein complexes embedded in it an attached to it."
"Vitvi16g01877",75,"Vitvi16g01877","Vitvi16g01877",1.59835730202548,1.0382573936077,1.90264741139612,-1.59835730202548,0.616001245513375,5.90382213080049,"1.03312072230466e-07      .","32 x 1","16 ","The component of a membrane consisting of the gene products and protein complexes having at least some part of their peptide sequence embedded in the hydrophobic region of the membrane."
"Vitvi02g01540",76,"Vitvi02g01540","",0.575715177785375,0.750105451785947,1.89484386166213,-0.575715177785375,0.691750493380282,7.23215215293172,"6.52722320637622e-10      .","33 x 1"," ",""
"Vitvi18g01884",77,"Vitvi18g01884","Vitvi18g01884",1.35678778567956,0.822387877258876,1.8829703785635,-1.35678778567956,0.456154239362169,3.86996983663765,"0.000141196743328242      .","35 x 1","18 ","Any process that modulates the frequency, rate or extent of cellular DNA-templated transcription."
"Vitvi18g01958",78,"Vitvi18g01958","Vitvi18g01958",1.96805362588466,0.777692205867011,1.88246034969545,-1.67644551238327,0.496310324514993,4.31616836041585,"3.19782359985421e-05      .","30 x 1","18 ","Binding to ADP, adenosine 5'-diphosphate."
"Vitvi12g01863",79,"Vitvi12g01863","",2.40007074597144,0.73323404728519,1.87760588740585,-1.40429953777414,0.618447313026783,5.94173931282219,"8.95758345276221e-08      .","34 x 2"," ",""
"Vitvi16g01509",80,"Vitvi16g01509","Vitvi16g01509",3.97247991919802,0.638955140818838,1.86866617062714,-1.02293144288612,0.588371612825099,5.49364285008257,"4.77516740815531e-07      .","30 x 1","16 ","The process in which a methyl group is covalently attached to a molecule."
"Vitvi11g01305",81,"Vitvi11g01305","",1.68857085094565,1.37481292841749,1.85725466503306,-1.68857085094565,0.742097848668696,8.35862508080781,"8.74633698799698e-12      .","33 x 1"," ",""
"Vitvi19g00423",82,"Vitvi19g00423","Vitvi19g00423",1.66416565227826,1.25512376460148,1.85668296980302,-1.66416565227826,0.66775296698729,6.77262200825805,"3.80297748847624e-09      .","32 x 1","19 ","Binding to a protein."
"Vitvi03g01127",83,"Vitvi03g01127","Vitvi03g01127",3.70554495041594,1.83323669889193,1.83973463313545,-3.70554495041594,0.680681852292198,7.01498979901607,"1.50202472681826e-09      .","33 x 1","3 ","The component of a membrane consisting of the gene products and protein complexes having at least some part of their peptide sequence embedded in the hydrophobic region of the membrane."
"Vitvi08g02114",84,"Vitvi08g02114","Vitvi08g02114",0.727578128084491,0.866566154209187,1.81829676939346,-0.727578128084491,0.766749784124277,9.01763265073203,"7.22533144426052e-13      .","32 x 1","8 ",""
"Vitvi13g00026",85,"Vitvi13g00026","Vitvi13g00026",2.83484215319766,1.39487681430035,1.81195446678963,-2.00859758503824,0.567618993628168,5.20524031490428,"1.37792894494559e-06      .","33 x 1","13 ","Binding to ATP, adenosine 5'-triphosphate, a universally important coenzyme and enzyme regulator."
"Vitvi02g00586",86,"Vitvi02g00586","",2.11270842069542,1.5185193550079,1.79974733303184,-2.11270842069542,0.732695523248465,8.12824383027231,"2.10506057030102e-11      .","33 x 1"," ",""
"Vitvi03g00310",87,"Vitvi03g00310","",2.62542754534135,0.715670027195885,1.79431450010016,-1.5964617789702,0.507189551042718,4.44307694653173,"2.06952845595021e-05      .","34 x 3"," ",""
"Vitvi08g00854",88,"Vitvi08g00854","Vitvi08g00854",6.34834071979883,1.03034446901403,1.79279669085785,-3.24046185387721,0.51589924781551,4.54673115099128,"1.44503611383406e-05      .","35 x 1","8 ","The space external to the outermost structure of a cell. For cells without external protective or external encapsulating structures this refers to space outside of the plasma membrane. This term covers the host cell environment outside an intracellular parasite."
"Vitvi13g01638",89,"Vitvi13g01638","Vitvi13g01638",1.01333210651428,0.611438658085024,1.77588340918237,-0.996336301426676,0.63788376903839,6.25336018524175,"2.75680775985165e-08      .","32 x 1","13 ","Binding to ADP, adenosine 5'-diphosphate."
"Vitvi18g02221",90,"Vitvi18g02221","Vitvi18g02221",2.04000246769569,1.0336493230541,1.77396946740427,-2.04000246769569,0.773099293993468,9.20212762982256,"3.61599639120413e-13      .","32 x 1","18 ","Binding to ADP, adenosine 5'-diphosphate."
"Vitvi01g01904",91,"Vitvi01g01904","",0.972212391426284,0.843056043902472,1.76959974998636,-0.944727823007686,0.769523953832035,9.09742429990513,"5.3534954247425e-13      .","32 x 1"," ",""
"Vitvi19g02208",92,"Vitvi19g02208","Vitvi19g02208",1.45525467972408,0.944276630589282,1.76741869853522,-1.45525467972408,0.671351893775375,6.83892955442055,"2.95003399486404e-09      .","32 x 1","19 ","A lipid bilayer along with all the proteins and protein complexes embedded in it an attached to it."
"Vitvi09g01930",93,"Vitvi09g01930","",1.80969373565289,0.977746439842934,1.75886595017033,-1.80969373565289,0.612633848559457,5.85207247618016,"1.254848138732e-07      .","32 x 1"," ",""
"Vitvi01g00849",94,"Vitvi01g00849","Vitvi01g00849",2.85589290766567,0.667965923924821,1.74896684469325,-1.62229945459876,0.430420379090134,3.60015490725153,"0.000333613160945045      .","31 x 1","1 ","Binding to a protein."
"Vitvi13g02109",95,"Vitvi13g02109","Vitvi13g02109",2.60482450932263,1.10143516522536,1.74520098665743,-2.44333846815086,0.542045275364563,4.86982277770426,"4.62405404277888e-06      .","34 x 1","13 ","Binding to a protein."
"Vitvi04g01136",96,"Vitvi04g01136","Vitvi04g01136",0.673805612744375,0.642283463192428,1.74367835302788,-0.673805612744375,0.682217413428857,7.04456398882153,"1.34091893144728e-09      .","31 x 1","4 ","Binding to a metal ion."
"Vitvi14g01858",97,"Vitvi14g01858","Vitvi14g01858",0.534699750060589,0.743157633253495,1.74052387776713,-0.534699750060589,0.723016508172763,7.90158068259906,"5.00746111242734e-11      .","32 x 1","14 ","The component of a membrane consisting of the gene products and protein complexes having at least some part of their peptide sequence embedded in the hydrophobic region of the membrane."
"Vitvi13g02354",98,"Vitvi13g02354","Vitvi13g02354",1.62986600563008,0.93066402110505,1.73266232530835,-1.61088578444777,0.657164506071119,6.58242358524417,"7.87131337887104e-09      .","31 x 1","13 ","Binding to ADP, adenosine 5'-diphosphate."
"Vitvi07g02817",99,"Vitvi07g02817","Vitvi07g02817",0.563534218601309,0.552627636280504,1.73217670577757,-0.563534218601309,0.773135392273073,9.20319573929934,"3.60156349188401e-13      .","32 x 1","7 ",""
"Vitvi00g00048",100,"Vitvi00g00048","",0.564049434076554,0.552692917500512,1.73166149030233,-0.564049434076554,0.773135107999469,9.20318732707906,"3.60156349188401e-13      .","32 x 1"," ",""
"Vitvi14g00297",101,"Vitvi14g00297","Vitvi14g00297",2.82323106250494,1.53252136222296,1.72845031258091,-2.82323106250494,0.284372636013383,2.23942354563901,"0.0145231872901863      .","30 x 1","14 ",""
"Vitvi17g00311",102,"Vitvi17g00311","Vitvi17g00311",1.68136163090288,0.732765750409335,1.71573803812751,-1.63605520356186,0.377360290263124,3.07646117497018,"0.00160793192043196      .","33 x 4","17 ","The formation of a protein dimer, a macromolecular structure consists of two noncovalently associated identical or nonidentical subunits."
"Vitvi14g02857",103,"Vitvi14g02857","Vitvi14g02857",1.88904605567917,0.943532371923171,1.71065251156929,-1.87411543886416,0.720619266181305,7.84698241366497,"6.17168538497026e-11      .","33 x 1","14 ","Catalysis of the transfer of a methyl group to an acceptor molecule."
"Vitvi07g02812",104,"Vitvi07g02812","Vitvi07g02812",0.975515183512102,0.768282424646588,1.69584545412848,-0.97326723570247,0.609196736116864,5.79977750377441,"1.52675701636795e-07      .","34 x 1","7 ","Reactions, triggered in response to the presence of a foreign body or the occurrence of an injury, which result in restriction of damage to the organism attacked or prevention/recovery from the infection caused by the attack."
"Vitvi00g01489",105,"Vitvi00g01489","",0.976372828708616,0.767911241905075,1.69498780893196,-0.974124880898984,0.609919668690875,5.81073322357423,"1.46533870148957e-07      .","34 x 1"," ",""
"Vitvi07g00383",106,"Vitvi07g00383","Vitvi07g00383",1.30510212034814,0.843777548855826,1.68775610769943,-1.29244780733313,0.684952747211127,7.09767857853721,"1.09367859213449e-09      .","33 x 1","7 ","The contents of a cell excluding the plasma membrane and nucleus, but including other subcellular structures."
"Vitvi19g02296",107,"Vitvi19g02296","",0.7392818087599,0.728944296394223,1.68310757527667,-0.7392818087599,0.794189597278418,9.86719687621385,"3.06421554796543e-14      .","33 x 1"," ",""
"Vitvi02g01585",108,"Vitvi02g01585","Vitvi02g01585",1.22367683696893,0.781179086201562,1.67537463179832,-1.20668103188132,0.562419669797962,5.13535160688649,"1.77699756687133e-06      .","34 x 1","2 ","The action of a molecule that contributes to the structural integrity of the ribosome."
"Vitvi07g02430",109,"Vitvi07g02430","Vitvi07g02430",2.25463054367959,0.857127882564343,1.67169952011031,-1.6863986383443,0.691931965885019,7.23579169777903,"6.43666231425755e-10      .","31 x 1","7 ",""
"Vitvi09g01807",110,"Vitvi09g01807","Vitvi09g01807",0.834284990207951,0.737932763637023,1.66946644008541,-0.834284990207951,0.513716142563548,4.52057306407159,"1.58262965077594e-05      .","31 x 1","9 ","The inner, i.e. lumen-facing, lipid bilayer of the mitochondrial envelope. It is highly folded to form cristae."
"Vitvi00g01184",111,"Vitvi00g01184","",1.48183696490483,0.533087856780867,1.634244019063,-1.30411603147051,0.503386015631243,4.39839115078416,"2.41363815132178e-05      .","32 x 4"," ",""
"Vitvi01g01915",112,"Vitvi01g01915","Vitvi01g01915",0.863492011318492,0.6629769897892,1.63396611192722,-0.858834885289575,0.539378339519188,4.83599747965357,"5.21677242792951e-06      .","30 x 1","1 ",""
"Vitvi12g02435",113,"Vitvi12g02435","",1.83068397520982,0.909730844236114,1.60816232888285,-1.81575335839482,0.426655907274287,3.56162261488781,"0.000376223056230973      .","34 x 2"," ",""
"Vitvi05g02230",114,"Vitvi05g02230","",1.61365520213819,0.727603848539137,1.57379242948705,-1.53796955923689,0.640859625544711,6.30278524204614,"2.28489669407139e-08      .","35 x 1"," ",""
"Vitvi15g01553",115,"Vitvi15g01553","Vitvi15g01553",1.20505314710883,0.609624363703535,1.559491891112,-1.18607292592651,0.469472450379185,4.01432791196381,"8.80421047617652e-05      .","32 x 3","15 ",""
"Vitvi14g01145",116,"Vitvi14g01145","",0.932870508451365,0.798735093699456,1.55912803236724,-0.932870508451365,0.761998572553728,8.88380523317267,"1.19571019752129e-12      .","32 x 1"," ",""
"Vitvi07g03105",117,"Vitvi07g03105","Vitvi07g03105",0.797781169276321,0.638053019384032,1.55604342569998,-0.797781169276321,0.640591701512359,6.29831577357928,"2.32404098188255e-08      .","33 x 1","Un ","A membrane-bounded organelle of eukaryotic cells in which chromosomes are housed and replicated. In most cells, the nucleus contains all of the cell's chromosomes except the organellar chromosomes, and is the site of RNA synthesis and processing. In some species, or in specialized cell types, RNA metabolism or DNA replication may be absent."
"Vitvi00g00740",118,"Vitvi00g00740","",0.798341437199004,0.638009899677116,1.5554831577773,-0.798341437199004,0.640765545179313,6.30121536264014,"2.29857066713635e-08      .","33 x 1"," ",""
"Vitvi02g01701",119,"Vitvi02g01701","",2.15835227347727,0.676060518236863,1.55417266235914,-1.53944722731755,0.584921792343781,5.44460459210927,"5.72417232058697e-07      .","35 x 1"," ",""
"Vitvi00g00209",120,"Vitvi00g00209","",2.15870146221062,0.675844137175641,1.55391415006031,-1.53246589166818,0.584971979961162,5.44531475246251,"5.70918254449992e-07      .","35 x 1"," ",""
"Vitvi10g01366",121,"Vitvi10g01366","Vitvi10g01366",2.42366330716885,0.744083383745168,1.55277616864089,-1.3998149781849,0.691543562235723,7.22800522508362,"6.63196386696541e-10      .","31 x 1","10 ",""
"Vitvi13g02497",122,"Vitvi13g02497","Vitvi13g02497",1.42170081295386,0.772549991884576,1.55225907729106,-1.39219565753302,0.707868152633591,7.5661191962063,"1.81138215538112e-10      .","34 x 1","13 ","Binding to ADP, adenosine 5'-diphosphate."
"Vitvi07g01587",123,"Vitvi07g01587","",1.45496284795182,1.18195977098282,1.54937888325213,-1.45496284795182,0.721302384509385,7.86248054935541,"5.81605874572233e-11      .","33 x 1"," ",""
"Vitvi13g02120",124,"Vitvi13g02120","Vitvi13g02120",0.68906055819703,0.682154532828817,1.54812208347374,-0.68906055819703,0.729753120728753,8.05825457719056,"2.75026668106193e-11      .","33 x 1","13 ","Catalysis of the hydrolysis of any ester bond."
"Vitvi05g00360",125,"Vitvi05g00360","Vitvi05g00360",2.13596781326436,0.713698658325007,1.54615311001896,-1.52542852437364,0.644839044765267,6.36963347737378,"1.77192819306171e-08      .","31 x 1","5 ","The component of a membrane consisting of the gene products and protein complexes having at least some part of their peptide sequence embedded in the hydrophobic region of the membrane."
"Vitvi09g01413",126,"Vitvi09g01413","",2.02500212362981,0.882970752345909,1.5429781029866,-1.94603784697193,0.680633640247941,7.01406405806754,"1.50736823023578e-09      .","33 x 1"," ",""
"Vitvi01g02048",127,"Vitvi01g02048","",1.95535993139806,0.874694562402751,1.54016566508166,-1.86502419134074,0.61230706216483,5.84707780898226,"1.27859564824639e-07      .","34 x 1"," ",""
"Vitvi12g01804",128,"Vitvi12g01804","Vitvi12g01804",0.775016206285179,0.726112624915157,1.53704429244023,-0.772768258475547,0.78717136488965,9.63626171210529,"7.18314296932476e-14      .","32 x 1","12 ","Binding to ADP, adenosine 5'-diphosphate."
"Vitvi00g01479",129,"Vitvi00g01479","",1.37064656636971,0.704773275369065,1.52243702593307,-1.15876375960335,0.689293862149791,7.1831398319242,"7.8783990442588e-10      .","33 x 1"," ",""
"Vitvi07g02831",130,"Vitvi07g02831","Vitvi07g02831",1.37034750397163,0.704798577340086,1.52151901445732,-1.15846469720527,0.689500254539741,7.18723927806556,"7.75539632513755e-10      .","33 x 1","7 ",""
"Vitvi00g01074",131,"Vitvi00g01074","",3.85804676123605,0.873508011462795,1.52016681992992,-2.09024448673532,0.590646637391354,5.52623216993552,"4.2322628757141e-07      .","31 x 1"," ",""
"Vitvi02g01680",132,"Vitvi02g01680","",3.85772280624915,0.87340665430862,1.51941059930413,-2.09025146906433,0.590633108798312,5.52603777991951,"4.23531304472036e-07      .","31 x 1"," ",""
"Vitvi14g01859",133,"Vitvi14g01859","Vitvi14g01859",0.578773294241908,0.738202038598924,1.51399082937289,-0.578773294241908,0.730277227670191,8.07065035123878,"2.62303512243989e-11      .","32 x 1","14 ","Binding to ATP, adenosine 5'-triphosphate, a universally important coenzyme and enzyme regulator."
"Vitvi13g02083",134,"Vitvi13g02083","Vitvi13g02083",1.04354058900913,0.8317822251431,1.48703779814533,-1.04354058900913,0.663650957281033,6.69808952479292,"5.05837982611723e-09      .","34 x 1","13 ","A lipid bilayer along with all the proteins and protein complexes embedded in it an attached to it."
"Vitvi17g01092",135,"Vitvi17g01092","Vitvi17g01092",2.3875629624848,0.635738050904793,1.48438943778807,-1.23160060935064,0.587844746748614,5.48612414806462,"4.90987554169209e-07      .","31 x 2","17 ","A lipid bilayer along with all the proteins and protein complexes embedded in it an attached to it."
"Vitvi19g00994",136,"Vitvi19g00994","Vitvi19g00994",1.73129353311182,0.933434398720938,1.48179573315323,-1.73129353311182,0.557260861500502,5.0668882691712,"2.2774623051891e-06      .","31 x 1","19 ","Binding to a protein."
"Vitvi17g01018",137,"Vitvi17g01018","Vitvi17g01018",0.774256995938214,0.728318661471771,1.47478122382734,-0.774256995938214,0.697108035044888,7.34072399459422,"4.30242730331543e-10      .","32 x 1","17 ","Any molecular function by which a gene product interacts selectively and non-covalently with DNA (deoxyribonucleic acid)."
"Vitvi09g01592",138,"Vitvi09g01592","Vitvi09g01592",1.98604523585317,0.889630877611513,1.47431692014974,-1.84571491379684,0.46924130647398,4.01179322028478,"8.87815337968778e-05      .","31 x 1","9 ","The inner, i.e. lumen-facing, lipid bilayer of the mitochondrial envelope. It is highly folded to form cristae."
"Vitvi18g01877",139,"Vitvi18g01877","",1.99577927978534,0.843473843941214,1.47371205233382,-1.99577927978534,0.649414741080921,6.44759587595501,"1.31669222191988e-08      .","34 x 1"," ",""
"Vitvi14g00577",140,"Vitvi14g00577","",1.44665187631028,0.662681492071026,1.46996927723228,-1.28516583513851,0.715696212548013,7.73667988668544,"9.41757782868535e-11      .","33 x 2"," ",""
"Vitvi12g02634",141,"Vitvi12g02634","",0.784421076508217,0.666119379601272,1.45322199486195,-0.784421076508217,0.698752508644698,7.37452467128885,"3.7788594475785e-10      .","31 x 1"," ",""
"Vitvi18g03398",142,"Vitvi18g03398","",1.46248534666537,0.72221077126842,1.45159767749745,-1.46248534666537,0.648068378168992,6.42453205149801,"1.43765561677611e-08      .","33 x 1"," ",""
"Vitvi00g01248",143,"Vitvi00g01248","",1.46300655050073,0.722038881747559,1.4511900611917,-1.46300655050073,0.647916380824021,6.42193480874699,"1.45195213629989e-08      .","33 x 1"," ",""
"Vitvi13g02560",144,"Vitvi13g02560","Vitvi13g02560",2.0843683942888,0.645451418356245,1.4491879568114,-2.0717140812738,0.634453287541436,6.19696983610839,"3.41448835872171e-08      .","34 x 2","13 ",""
"Vitvi12g01982",145,"Vitvi12g01982","",2.26062297989442,0.996795440457009,1.43225036812258,-2.11458411494232,0.333175766096767,2.66785019946534,"0.00496084320168966      .","30 x 1"," ",""
"Vitvi18g01264",146,"Vitvi18g01264","Vitvi18g01264",0.958983931644939,0.63772167246379,1.42982027607975,-0.958983931644939,0.620388675223805,5.97203177293242,"7.99166076648206e-08      .","31 x 1","18 ","A lipid bilayer along with all the proteins and protein complexes embedded in it an attached to it."
"Vitvi14g01874",147,"Vitvi14g01874","Vitvi14g01874",3.29109535672171,0.5704643635998,1.40837526151992,-1.34688351295121,0.550580692623092,4.97949564183988,"3.12136388025408e-06      .","30 x 1","14 ","Catalysis of an oxidation-reduction (redox) reaction, a reversible chemical reaction in which the oxidation state of an atom or atoms within a molecule is altered. One substrate acts as a hydrogen or electron donor and becomes oxidized, while the other acts as hydrogen or electron acceptor and becomes reduced."
"Vitvi09g01914",148,"Vitvi09g01914","Vitvi09g01914",0.648014381048688,0.526493655680134,1.40705952343582,-0.645766433239056,0.409153296891775,3.3853763352597,"0.000646270191760889      .","33 x 4","9 ","The component of a membrane consisting of the gene products and protein complexes having at least some part of their peptide sequence embedded in the hydrophobic region of the membrane."
"Vitvi09g01569",149,"Vitvi09g01569","",0.671289653045514,0.579791337051122,1.40516542348075,-0.671289653045514,0.529279366296956,4.709744624407,"8.16132982794926e-06      .","31 x 1"," ",""
"Vitvi09g01773",150,"Vitvi09g01773","Vitvi09g01773",0.838704475136858,0.644545400337876,1.4031471730261,-0.811219906718259,0.526015645478103,4.66954530274827,"9.4026937003111e-06      .","30 x 1","9 ","Binding to ADP, adenosine 5'-diphosphate."
"Vitvi13g02470",151,"Vitvi13g02470","",1.73491899621717,0.703436376587023,1.40269472614676,-1.27539788812682,0.541946007955807,4.86856003467404,"4.64494462704135e-06      .","30 x 1"," ",""
"Vitvi13g01579",152,"Vitvi13g01579","Vitvi13g01579",1.634739257541,0.605312418996617,1.39834956290179,-1.27644154419302,0.586544049482668,5.46760800157724,"5.25782806182207e-07      .","34 x 1","13 ","Binding to ADP, adenosine 5'-diphosphate."
"Vitvi00g01312",153,"Vitvi00g01312","",0.755719216323784,0.731590994246026,1.39674956931403,-0.755719216323784,0.887672510662942,14.55404947917,"0      .","32 x 1"," ",""
"Vitvi13g02597",154,"Vitvi13g02597","",1.76747770192812,0.742197123431964,1.39323057132486,-1.61353093252068,0.625609483917524,6.05438758803672,"5.85717021550636e-08      .","33 x 1"," ",""
"Vitvi00g01908",155,"Vitvi00g01908","",1.76770942310042,0.742165084375308,1.39299885015256,-1.61376265369297,0.625549664492243,6.05343648402019,"5.87825158548938e-08      .","33 x 1"," ",""
"Vitvi04g01093",156,"Vitvi04g01093","Vitvi04g01093",0.850492559432591,0.616042892182958,1.39067118646792,-0.850492559432591,0.6352272569698,6.20963830617334,"3.25432916170598e-08      .","31 x 1","4 ","Binding to a protein."
"Vitvi12g02153",157,"Vitvi12g02153","",1.6104182229815,0.905717313138374,1.38408219104489,-1.6104182229815,0.597658398118959,5.6279602405482,"2.90049535389691e-07      .","33 x 1"," ",""
"Vitvi09g01790",158,"Vitvi09g01790","Vitvi09g01790",1.15082349166066,0.690574033286562,1.37654316237977,-1.13816917864565,0.56677341472441,5.19381231805779,"1.43654534423554e-06      .","31 x 1","9 ","Binding to ADP, adenosine 5'-diphosphate."
"Vitvi04g00401",159,"Vitvi04g00401","Vitvi04g00401",1.91299824152004,0.594706764865224,1.36804058847552,-1.22559577843775,0.658305474623518,6.60257916483068,"7.28794802284938e-09      .","33 x 1","4 ",""
"Vitvi09g01767",160,"Vitvi09g01767","Vitvi09g01767",1.78827626213966,0.693808371434072,1.36622973582599,-1.29679930707189,0.616150508673063,5.9061279717303,"1.02420116832036e-07      .","34 x 1","9 ","A ribonucleoprotein complex that contains an RNA molecule of the snoRNA family, and cleaves the rRNA precursor as part of rRNA transcript processing. It also has other roles: In S. cerevisiae it is involved in cell cycle-regulated degradation of daughter cell-specific mRNAs, while in mammalian cells it also enters the mitochondria and processes RNAs to create RNA primers for DNA replication."
"Vitvi08g02238",161,"Vitvi08g02238","Vitvi08g02238",4.23347412717978,0.703887453432512,1.36621714022499,-1.59840274374506,0.719992459211691,7.83280366255296,"6.51607656720898e-11      .","33 x 1","8 ","The component of a membrane consisting of the gene products and protein complexes having at least some part of their peptide sequence embedded in the hydrophobic region of the membrane."
"Vitvi00g02175",162,"Vitvi00g02175","",2.26467261600762,0.635848776931864,1.35116158337363,-1.51091488034441,0.473246205452665,4.05586103329508,"7.67401020431713e-05      .","30 x 1"," ",""
"Vitvi19g02130",163,"Vitvi19g02130","Vitvi19g02130",1.14563202490786,0.709195500563705,1.3370525072023,-1.14563202490786,0.598326612877623,5.63775830523901,"2.79659357449447e-07      .","31 x 1","19 ","Binding to a protein."
"Vitvi13g02312",164,"Vitvi13g02312","Vitvi13g02312",2.27365918827438,0.67482340782926,1.33372924074153,-1.11525691264654,0.61075390058612,5.82340435139447,"1.39735080617598e-07      .","31 x 1","13 ","Binding to ADP, adenosine 5'-diphosphate."
"Vitvi08g01185",165,"Vitvi08g01185","Vitvi08g01185",1.344114362878,0.654157462434633,1.33311918833816,-1.3166297944594,0.620633563921861,5.97586557411013,"7.87702527649259e-08      .","32 x 1","8 ","Any process that modulates the frequency, rate or extent of cellular DNA-templated transcription."
"Vitvi12g01936",166,"Vitvi12g01936","",1.27483430426822,0.76625525572499,1.33015465136437,-1.26217999125321,0.655154765465351,6.5471141562115,"9.00758601041218e-09      .","33 x 1"," ",""
"Vitvi13g02291",167,"Vitvi13g02291","",1.63168524919644,0.585772176915691,1.32903477904733,-1.2850090931909,0.468432578582794,4.00293313739,"9.14135992404752e-05      .","33 x 4"," ",""
"Vitvi03g01631",168,"Vitvi03g01631","",1.58906089277443,0.860927800054761,1.32688628824625,-1.57206508768682,0.804893731311568,10.2403439277695,"7.7715611723761e-15      .","32 x 1"," ",""
"Vitvi18g02374",169,"Vitvi18g02374","",0.823558783272123,0.530583034337815,1.32079491278449,-0.823558783272123,0.658377164228674,6.60384825957876,"7.2526926686578e-09      .","31 x 1"," ",""
"Vitvi13g01480",170,"Vitvi13g01480","",0.921313337857437,0.580630418654764,1.31515603788716,-0.921313337857437,0.599454366908467,5.65433621254586,"2.62911476700545e-07      .","30 x 1"," ",""
"Vitvi18g03265",171,"Vitvi18g03265","Vitvi18g03265",1.02800216588982,0.596799025979149,1.30794437951218,-1.02800216588982,0.460749510793943,3.91939615249776,"0.000120224039017458      .","30 x 1","18 ","Binding to a protein."
"Vitvi03g01386",172,"Vitvi03g01386","",1.98747498457459,0.849738166771555,1.30785932472075,-1.66048901229109,0.594913959140844,5.58790892050814,"3.36639783160564e-07      .","31 x 1"," ",""
"Vitvi03g01630",173,"Vitvi03g01630","",0.832419354228438,0.494993945525924,1.30389518046133,-0.832419354228438,0.633688021706103,6.1844745017871,"3.58012666179519e-08      .","31 x 3"," ",""
"Vitvi16g01292",174,"Vitvi16g01292","",0.720514242438542,0.51781384206864,1.28767240844443,-0.720514242438542,0.549859903538155,4.97014899463202,"3.22804370145313e-06      .","34 x 3"," ",""
"Vitvi10g00661",175,"Vitvi10g00661","Vitvi10g00661",2.61962788150199,0.59618261786663,1.28523382257724,-1.11591664169561,0.641333199632792,6.31069489828579,"2.21722276094738e-08      .","30 x 1","10 ","Catalysis of the reaction: nucleoside 2',3'-cyclic phosphate + H2O = nucleoside 2'-phosphate."
"Vitvi08g01385",176,"Vitvi08g01385","Vitvi08g01385",0.73463937006487,0.541962974767941,1.28413441242062,-0.724279549161052,0.516469588798349,4.55358483780518,"1.41095905289434e-05      .","30 x 2","8 ","A membrane-bounded organelle of eukaryotic cells in which chromosomes are housed and replicated. In most cells, the nucleus contains all of the cell's chromosomes except the organellar chromosomes, and is the site of RNA synthesis and processing. In some species, or in specialized cell types, RNA metabolism or DNA replication may be absent."
"Vitvi00g01383",177,"Vitvi00g01383","",1.70393872472549,0.550694160681648,1.28050467933692,-0.984269131591731,0.599205824886737,5.65067815926671,"2.66519574076973e-07      .","34 x 1"," ",""
"Vitvi07g03002",178,"Vitvi07g03002","",2.08778257958738,0.700605408538606,1.27503016349925,-1.4323535448578,0.466125049831747,3.97772350505393,"9.93209395048211e-05      .","30 x 1"," ",""
"Vitvi00g01552",179,"Vitvi00g01552","",2.08808966726093,0.700597670913989,1.27472307582571,-1.43266063253134,0.466086587162538,3.97730418455857,"9.94578844885075e-05      .","30 x 1"," ",""
"Vitvi12g01825",180,"Vitvi12g01825","",0.620584480211132,0.553452976172537,1.27304343721784,-0.620584480211132,0.547056327349337,4.93394508618035,"3.6760977321082e-06      .","30 x 1"," ",""
"Vitvi04g02105",181,"Vitvi04g02105","",0.691181020245204,0.478370275162394,1.27116659528231,-0.672200799062886,0.567979876883864,5.21012504356836,"1.35359852637684e-06      .","30 x 1"," ",""
"Vitvi00g02022",182,"Vitvi00g02022","",1.34754949753581,0.600883814980247,1.2700650130499,-1.20338598177262,0.536665346398127,4.80179859753302,"5.89155249963724e-06      .","34 x 1"," ",""
"Vitvi05g01256",183,"Vitvi05g01256","Vitvi05g01256",1.69838027400702,0.652076198704459,1.26627553478408,-1.64878353872233,0.514849924741521,4.53414312581882,"1.50972790784465e-05      .","31 x 2","5 ","The cell cycle process in which double-strand breaks are generated at defined hotspots throughout the genome during meiosis I. This results in the initiation of meiotic recombination."
"Vitvi18g02024",184,"Vitvi18g02024","Vitvi18g02024",0.760747032729921,0.528811950516991,1.24954829286551,-0.760747032729921,0.630175005240941,6.12750051772818,"4.4424363521145e-08      .","31 x 2","18 ","A membrane-bounded organelle of eukaryotic cells in which chromosomes are housed and replicated. In most cells, the nucleus contains all of the cell's chromosomes except the organellar chromosomes, and is the site of RNA synthesis and processing. In some species, or in specialized cell types, RNA metabolism or DNA replication may be absent."
"Vitvi05g02082",185,"Vitvi05g02082","Vitvi05g02082",1.20882603794778,0.58712663513405,1.24393641927341,-1.15922930266309,0.454919555779099,3.85675670281525,"0.000147373978257592      .","33 x 4","5 ","Binding to a protein."
"Vitvi19g01906",186,"Vitvi19g01906","Vitvi19g01906",1.67779697048686,0.600068247517972,1.24320636407859,-1.67779697048686,0.786504096454946,9.61483056517859,"7.7715611723761e-14      .","33 x 1","19 ",""
"Vitvi13g02269",187,"Vitvi13g02269","Vitvi13g02269",1.36101990776464,0.681472721888132,1.22008462081621,-1.36101990776464,0.507736411891382,4.44953030842009,"2.02395848478698e-05      .","30 x 1","13 ","A lipid bilayer along with all the proteins and protein complexes embedded in it an attached to it."
"Vitvi01g00812",188,"Vitvi01g00812","Vitvi01g00812",1.74281538388636,0.684166367687686,1.21914347339409,-1.66712974098505,0.538552431033798,4.82556407775519,"5.41417832489177e-06      .","33 x 3","1 ","The component of a membrane consisting of the gene products and protein complexes having at least some part of their peptide sequence embedded in the hydrophobic region of the membrane."
"Vitvi10g00777",189,"Vitvi10g00777","Vitvi10g00777",3.70406075825681,0.507932154867769,1.20278845443977,-1.06873670277239,0.536082620428546,4.79448038926703,"6.04668302972566e-06      .","34 x 3","10 ","The component of a membrane consisting of the gene products and protein complexes having at least some part of their peptide sequence embedded in the hydrophobic region of the membrane."
"Vitvi13g01107",190,"Vitvi13g01107","Vitvi13g01107",1.19828328905843,0.650648239718731,1.19263129218977,-1.19362616302951,0.5188275389022,4.58200791004215,"1.27781455119269e-05      .","35 x 1","13 ","Binding to Hsp90 proteins, any of a group of heat shock proteins around 90kDa in size."
"Vitvi13g01713",191,"Vitvi13g01713","Vitvi13g01713",2.20263483576614,0.852021324983106,1.18281630492964,-1.87564886348264,0.558118870730702,5.0782153434977,"2.18601393997542e-06      .","31 x 1","13 ","Binding to a nucleic acid."
"Vitvi13g02502",192,"Vitvi13g02502","Vitvi13g02502",2.24094608569753,0.699376933481614,1.1723676238477,-1.54313081292387,0.686754012576664,7.13296345873642,"9.55166834515353e-10      .","34 x 1","13 ","Binding to ADP, adenosine 5'-diphosphate."
"Vitvi18g02000",193,"Vitvi18g02000","",2.63475508878556,0.573086568794179,1.17134276640849,-1.23600934574902,0.611501715007322,5.83478917048415,"1.3389353115123e-07      .","34 x 2"," ",""
"Vitvi18g01995",194,"Vitvi18g01995","Vitvi18g01995",1.41915263517389,0.504810439050241,1.16330275230208,-1.00107505417602,0.491758024676074,4.26387463233786,"3.8199237553771e-05      .","32 x 4","18 ","A lipid bilayer along with all the proteins and protein complexes embedded in it an attached to it."
"Vitvi01g00826",195,"Vitvi01g00826","Vitvi01g00826",1.93057058230986,0.490326146030618,1.16209110743421,-1.0922082498284,0.603260998923889,5.71068381307122,"2.13067563925584e-07      .","31 x 1","1 ","Catalysis of the reaction: a protein with reduced sulfide groups = a protein with oxidized disulfide bonds."
"Vitvi15g01491",196,"Vitvi15g01491","Vitvi15g01491",3.52689322715622,0.581645125787148,1.15437594496276,-1.20479152217383,0.52480834275197,4.65474747205293,"9.90463754269033e-06      .","35 x 1","15 ","Catalysis of a biochemical reaction at physiological temperatures. In biologically catalyzed reactions, the reactants are known as substrates, and the catalysts are naturally occurring macromolecular substances known as enzymes. Enzymes possess specific binding sites for substrates, and are usually composed wholly or largely of protein, but RNA that has catalytic activity (ribozyme) is often also regarded as enzymatic."
"Vitvi16g01293",197,"Vitvi16g01293","",1.86927703284263,0.553151948175325,1.15337893430206,-1.79359138994132,0.502269024115475,4.3853335551448,"2.52429208926763e-05      .","33 x 4"," ",""
"Vitvi04g01092",198,"Vitvi04g01092","Vitvi04g01092",0.742280708949977,0.546125689397884,1.14488184271455,-0.742280708949977,0.620866297277332,5.9795117159372,"7.76951487591049e-08      .","31 x 1","4 ","A process that is carried out at the cellular level which results in the assembly, arrangement of constituent parts, or disassembly of endosomes."
"Vitvi18g00684",199,"Vitvi18g00684","Vitvi18g00684",3.15682118117941,0.651747390212008,1.12734172441473,-1.54619399681874,0.806652267689912,10.3042636025115,"6.21724893790088e-15      .","32 x 1","18 ","Catalysis of the transfer of a methyl group from S-adenosyl-L-methionine to a substrate."
"Vitvi10g01603",200,"Vitvi10g01603","",1.60704809814682,0.595731315862429,1.12622046794526,-1.46100923319473,0.499501656835688,4.35310922104476,"2.81890083952963e-05      .","34 x 1"," ",""
"Vitvi01g00845",201,"Vitvi01g00845","Vitvi01g00845",1.08192997222218,0.507342645160546,1.11524696336896,-0.772936382914776,0.684044734836262,7.07998474367479,"1.1705171276688e-09      .","31 x 3","1 ","The process in which the structures of a hair cell (trichome) cell are generated and organized. This process occurs while the initially relatively unspecialized epidermal cell is acquiring the specialized features of a hair cell. An example of this process is found in Arabidopsis thaliana."
"Vitvi13g02559",202,"Vitvi13g02559","",0.879993476133336,0.488051659057619,1.07944480379058,-0.877745528323705,0.544483393933929,4.90092817824403,"4.13756874984017e-06      .","31 x 3"," ",""
"Vitvi05g02059",203,"Vitvi05g02059","Vitvi05g02059",1.38063273542394,0.491748638979172,1.07605325437861,-1.18456490883465,0.532686126411311,4.75201566201141,"7.02898517856987e-06      .","35 x 1","5 ","Binding to ADP, adenosine 5'-diphosphate."
"Vitvi19g01002",204,"Vitvi19g01002","",1.56634887796271,0.786291083791091,1.07392392371197,-1.56634887796271,0.566275824899547,5.18709870210721,"1.47211819623294e-06      .","31 x 1"," ",""
"Vitvi00g01123",205,"Vitvi00g01123","",2.30382697130677,0.786492035939159,1.0622603177627,-1.6875556293803,0.412434247358162,3.4180608637707,"0.000585222822153009      .","30 x 1"," ",""
"Vitvi03g01149",206,"Vitvi03g01149","Vitvi03g01149",0.893744779707984,0.470623902259799,1.05861237910633,-0.788451243990442,0.454834512234513,3.85584763217724,"0.000147808393814008      .","30 x 3","3 ","Catalysis of the transfer of a glycosyl group from a UDP-sugar to a small hydrophobic molecule."
"Vitvi00g01832",207,"Vitvi00g01832","",3.47885714802957,0.517227648997961,1.05705044920097,-1.07617598979088,0.736362820261606,8.21685669317663,"1.50108814267469e-11      .","34 x 3"," ",""
"Vitvi02g01727",208,"Vitvi02g01727","Vitvi02g01727",3.47863207592664,0.517224941038765,1.05697936107921,-1.0761589948942,0.736373231224127,8.21711047967763,"1.49963375051243e-11      .","34 x 3","2 ","Binding to a heme, a compound composed of iron complexed in a porphyrin (tetrapyrrole) ring."
"Vitvi13g02353",209,"Vitvi13g02353","Vitvi13g02353",0.8819897242778,0.558146720594735,1.04808553592239,-0.8819897242778,0.492781916368306,4.27559581050181,"3.67101314302509e-05      .","30 x 2","13 ","The chemical reactions and pathways resulting in the formation of UMP, uridine monophosphate, starting with the synthesis of (S)-dihydroorotate from bicarbonate; UMP biosynthesis may either occur via reduction by quinone, NAD(+) or oxygen."
"Vitvi05g00618",210,"Vitvi05g00618","Vitvi05g00618",1.15922479779414,0.481907877214375,1.04571164504509,-1.05612013560915,0.604650042445437,5.73139712248514,"1.97200541451892e-07      .","30 x 2","5 ","A membrane-bounded organelle of eukaryotic cells in which chromosomes are housed and replicated. In most cells, the nucleus contains all of the cell's chromosomes except the organellar chromosomes, and is the site of RNA synthesis and processing. In some species, or in specialized cell types, RNA metabolism or DNA replication may be absent."
"Vitvi18g03400",211,"Vitvi18g03400","",1.39628056904864,0.721882031488252,1.04193576900575,-1.39628056904864,0.738281401940209,8.26384231408199,"1.25488508473381e-11      .","33 x 1"," ",""
"Vitvi00g02302",212,"Vitvi00g02302","",1.39660407644666,0.721868200679361,1.0418333683425,-1.39660407644666,0.738271506858999,8.26359886153256,"1.25606192113992e-11      .","33 x 1"," ",""
"Vitvi13g02280",213,"Vitvi13g02280","",0.589430625560171,0.507135357222784,1.04124289542408,-0.589430625560171,0.67551846108033,6.9167972401606,"2.18886309077959e-09      .","31 x 1"," ",""
"Vitvi19g00961",214,"Vitvi19g00961","Vitvi19g00961",1.48939829004043,0.729055762099359,1.03353179721858,-1.48939829004043,0.606017208336806,5.75186468486933,"1.82671888060426e-07      .","31 x 1","19 ","Binding to a protein."
"Vitvi07g02429",215,"Vitvi07g02429","",0.96157659406799,0.499032085716048,1.01481846506731,-0.856283058350448,0.580707767743694,5.38531189676426,"7.12284235482308e-07      .","30 x 1"," ",""
"Vitvi12g02157",216,"Vitvi12g02157","Vitvi12g02157",1.05766180463629,0.580231456985403,1.00793390611238,-1.05541385682666,0.48332326543634,4.16819253540721,"5.27532737130132e-05      .","32 x 4","12 ","Catalysis of the transfer of a group, e.g. a methyl group, glycosyl group, acyl group, phosphorus-containing, or other groups, from one compound (generally regarded as the donor) to another compound (generally regarded as the acceptor). Transferase is the systematic name for any enzyme of EC class 2."
"Vitvi14g00363",217,"Vitvi14g00363","Vitvi14g00363",2.06067601376359,0.57956829537406,1.00544213929558,-1.79069149663939,0.643627029743397,6.34918068682358,"1.9153414854145e-08      .","33 x 3","14 ","Binding to ADP, adenosine 5'-diphosphate."
"Vitvi09g00546",218,"Vitvi09g00546","Vitvi09g00546",2.31114871459563,0.540259526719683,0.984511151326298,-1.48772629487441,0.453724303447422,3.84399226559201,"0.000153587592275795      .","34 x 2","9 ","Binding to ADP, adenosine 5'-diphosphate."
"Vitvi14g02714",219,"Vitvi14g02714","Vitvi14g02714",1.31784377424019,0.644750272953025,0.983159373182463,-1.31784377424019,0.713985412043815,7.69890770671713,"1.08848929869509e-10      .","34 x 1","14 ",""
"Vitvi14g00055",220,"Vitvi14g00055","Vitvi14g00055",0.782589819429312,0.526487028692427,0.972922898020572,-0.782589819429312,0.487732893418359,4.21802118054146,"4.46080472504828e-05      .","34 x 3","14 ","The chemical reactions and pathways involving carbohydrates, any of a group of organic compounds based of the general formula Cx(H2O)y."
"Vitvi18g00579",221,"Vitvi18g00579","",1.95891708542912,0.422130763348073,0.95770406811344,-1.20515934976591,0.550963834490967,4.9844704369053,"3.06600233623833e-06      .","30 x 3"," ",""
"Vitvi04g01483",222,"Vitvi04g01483","Vitvi04g01483",1.6831848902291,0.519613083097439,0.95745872598026,-1.09881566247883,0.519253603044062,4.5871589595761,"1.25503410016714e-05      .","32 x 4","4 ","The component of a membrane consisting of the gene products and protein complexes having at least some part of their peptide sequence embedded in the hydrophobic region of the membrane."
"Vitvi12g02623",223,"Vitvi12g02623","Vitvi12g02623",1.15974935117019,0.464469086488701,0.947430821732593,-0.868141237668803,0.625981241732654,6.06030231932026,"5.72774343510218e-08      .","31 x 3","12 ","Binding to a metal ion."
"Vitvi13g01325",224,"Vitvi13g01325","Vitvi13g01325",1.26493088855846,0.585114209318664,0.945926532368675,-1.17027205689139,0.566447387631733,5.18941252841662,"1.45976128052006e-06      .","34 x 2","13 ","A lipid bilayer along with all the proteins and protein complexes embedded in it an attached to it."
"Vitvi14g02622",225,"Vitvi14g02622","",1.06096578488901,0.513820502958003,0.937216709925979,-1.03943471926652,0.649218598867728,6.44422936710548,"1.33369592036914e-08      .","30 x 1"," ",""
"Vitvi13g01720",226,"Vitvi13g01720","Vitvi13g01720",3.11364510938788,0.454567382280311,0.929395535880893,-0.749765658066573,0.698572789629763,7.37081964475993,"3.83298948136712e-10      .","34 x 3","13 ",""
"Vitvi08g01616",227,"Vitvi08g01616","Vitvi08g01616",1.62519705121298,0.408673911616124,0.912583988607945,-0.763316767647737,0.520430693103045,4.60141417007446,"1.19403731306811e-05      .","30 x 3","8 ","A membrane-bounded organelle of eukaryotic cells in which chromosomes are housed and replicated. In most cells, the nucleus contains all of the cell's chromosomes except the organellar chromosomes, and is the site of RNA synthesis and processing. In some species, or in specialized cell types, RNA metabolism or DNA replication may be absent."
"Vitvi12g01618",228,"Vitvi12g01618","Vitvi12g01618",2.08794066839051,0.493585315692885,0.891221634931356,-1.12630223251049,0.711191568804358,7.6378263044587,"1.3757750494392e-10      .","32 x 3","12 ","The chemical reactions and pathways resulting in the formation of sucrose, the disaccharide fructofuranosyl-glucopyranoside."
"Vitvi07g00080",229,"Vitvi07g00080","Vitvi07g00080",2.33600896541896,0.466846310684386,0.858702484798042,-1.27684689218919,0.605010075762643,5.73677933367017,"1.9327275668779e-07      .","35 x 1","7 ","Binding to a metal ion."
"Vitvi03g01158",230,"Vitvi03g01158","",2.37085806827999,0.513773442356381,0.826256285253612,-1.48877673491051,0.663060979420312,6.68745938125573,"5.2683206686055e-09      .","32 x 3"," ",""
"Vitvi05g00248",231,"Vitvi05g00248","Vitvi05g00248",3.73820302859501,0.381790740214252,0.781676045090279,-0.910871285542535,0.634100263643589,6.19120184796023,"3.48998074883866e-08      .","30 x 3","5 ","The component of a membrane consisting of the gene products and protein complexes having at least some part of their peptide sequence embedded in the hydrophobic region of the membrane."
"Vitvi18g02135",232,"Vitvi18g02135","Vitvi18g02135",1.65118179205272,0.451386231793982,0.75590922189509,-1.27233360013273,0.490758863347272,4.25245905093794,"3.97057674215162e-05      .","30 x 3","18 ","Binding to a zinc ion (Zn)."
"Vitvi04g00908",233,"Vitvi04g00908","Vitvi04g00908",4.42984189568311,0.343126021716414,0.72683343819766,-0.737253417063256,0.648908664670367,6.43891430577028,"1.3609874338627e-08      .","30 x 1","4 ","The component of a membrane consisting of the gene products and protein complexes having at least some part of their peptide sequence embedded in the hydrophobic region of the membrane."
"Vitvi08g01129",234,"Vitvi08g01129","Vitvi08g01129",3.34748431344085,0.386972436937907,0.706258115555354,-0.84748225752428,0.363729648526657,2.94802489164428,"0.00231448595602846      .","30 x 3","8 ","Catalysis of the reaction: R-X + glutathione = H-X + R-S-glutathione. R may be an aliphatic, aromatic or heterocyclic group; X may be a sulfate, nitrile or halide group."
"Vitvi07g02787",235,"Vitvi07g02787","Vitvi07g02787",3.6387222644017,0.252634758387492,0.630479629599325,-0.526245626349888,0.763481851092884,8.92520937024367,"1.02295949488962e-12      .","30 x 3","7 ","A membrane-bounded organelle of eukaryotic cells in which chromosomes are housed and replicated. In most cells, the nucleus contains all of the cell's chromosomes except the organellar chromosomes, and is the site of RNA synthesis and processing. In some species, or in specialized cell types, RNA metabolism or DNA replication may be absent."
"Vitvi00g00121",236,"Vitvi00g00121","",3.6389213695057,0.252648894960077,0.63045031428112,-0.526444731453893,0.763382378644981,8.92242216824967,"1.03372865822848e-12      .","30 x 3"," ",""
"Vitvi03g00623",237,"Vitvi03g00623","Vitvi03g00623",2.46849628276362,0.317519416428941,0.565823197870388,-0.839821863943874,0.806934916406496,10.3146100074541,"5.99520433297585e-15      .","31 x 3","3 ","Binding to a zinc ion (Zn)."
"Vitvi12g01816",238,"Vitvi12g01816","Vitvi12g01816",3.38453049355213,0.320951846838614,0.547077080118598,-0.844135839163568,0.698586516753375,7.37110254235038,"3.82882947569385e-10      .","32 x 4","12 ","Catalysis of the hydrolysis of various bonds, e.g. C-O, C-N, C-C, phosphoric anhydride bonds, etc."
